# cc_reference.draft.csv — BROUILLON généré le 2026-07-10 par `python -m trio_lab.ccref`.,,,,,,,,,,
# NE PAS FIGER SANS RELECTURE HUMAINE (CLAUDE.md règle 4) : durées/%slow extraits,,,,,,,,,,
# par heuristiques depuis la prose du wiki ; toute ligne avec `note_relecture`,,,,,,,,,,
# non vide demande une vérification. Après relecture : renommer en,,,,,,,,,,
# cc_reference.csv (fichier immuable,re-versionné à chaque rework).,,,,,,,,,
#,,,,,,,,,,
# Source : League of Legends Wiki — « Types of Crowd Control/Sources » et pages de sorts,,,,,,,,,,
# via l'API MediaWiki (https://wiki.leagueoflegends.com/en-us/api.php).,,,,,,,,,,
# Contenu dérivé sous licence CC BY-SA 4.0 ; attribution : League of Legends Wiki,,,,,,,,,,
# (https://wiki.leagueoflegends.com),communauté des contributeurs.,,,,,,,,,
# League of Legends et Riot Games sont des marques de Riot Games,Inc.,,,,,,,,,
#,,,,,,,,,,
# Colonnes : zone ∈ {mono,multi} (heuristique),fiabilite ∈ {point_click,skillshot},,,,,,,
# disponibilite ∈ {base,ultimate},repositionnement ∈ {0,1} (airborne déplaçant).,,,,,,,
# Les coefficients (poids par type,coef_zone…) vivent dans la config,pas ici.,,,,,,,,
champion,sort,type_cc,duree_s,pct_slow,zone,fiabilite,disponibilite,repositionnement,note_relecture,mes_commentaires
Aatrox,Q,airborne,0.25,,multi,skillshot,base,0,,
Aatrox,W,airborne,0.5,,mono,skillshot,base,1,défaut appliqué : knockback/pull 0.5 s — à vérifier,
Aatrox,W,slow,1.5,30.0,mono,skillshot,base,0,"%slow depuis leveling « Slow », moyenne retenue",
Ahri,E,charm,1.5,,mono,skillshot,base,0,"durée depuis leveling « Disable Duration », moyenne retenue",
Ahri,E,slow,1.5,65.0,mono,skillshot,base,0,"durée depuis leveling « Disable Duration », moyenne retenue",
Akali,Q,slow,0.5,50.0,multi,skillshot,base,0,,
Alistar,E,stun,1.0,,multi,point_click,base,0,,
Alistar,Q,airborne,1.0,,multi,point_click,base,0,,
Alistar,Q,stun,1.0,,multi,point_click,base,0,,
Alistar,W,airborne,0.5,,mono,point_click,base,1,,
Alistar,W,stun,0.75,,mono,point_click,base,0,,
Ambessa,E,slow,1.0,99.0,multi,point_click,base,0,,
Ambessa,R,stun,0.4,,mono,skillshot,ultimate,0,,
Ambessa,R,suppression,0.75,,mono,skillshot,ultimate,0,,
Amumu,Q,stun,1.0,,mono,skillshot,base,0,,
Amumu,R,stun,1.5,,multi,point_click,ultimate,0,,
Anivia,Q,slow,,30.0,multi,skillshot,base,0,"%slow variable ({{pp|changedisplay=true|key=%|20;20 to 40 for 3|0 to 3|type = [[File:Glacial Storm.png|20px|border|link=]] ''Glacial Storm's'' Rank|formula = 20% + (10% * (''Glacial Storm's'' rank - 1))}}), moyenne retenue",Le fandom dit que ça slow pendant 3s
Anivia,Q,stun,1.3,,multi,skillshot,base,0,"durée depuis leveling « Stun Duration », moyenne retenue",
Anivia,R,slow,1.0,50.0,multi,skillshot,ultimate,0,,
Anivia,W,airborne,0.25,,mono,skillshot,base,1,"durée extraite 5.0 s invraisemblable (> 4.0 s), écartée — à vérifier ; défaut appliqué : knock-up très court (mur/pilier) 0.25 s — à vérifier",
Annie,P,stun,1.5,,multi,skillshot,base,0,"durée variable ({{pp|1.25;1.5;1.75|1;6;11}}), moyenne retenue",
Aphelios,A,slow,2.5,30.0,mono,skillshot,base,0,,
Aphelios,Q,root,1.0,,multi,point_click,base,0,,
Ashe,P,slow,,25.0,mono,skillshot,base,0,"%slow variable ({{pplevel|key=%|20 to 30}}), moyenne retenue",Le fandom dit que le slow dure 2s
Ashe,R,stun,,,mono,skillshot,ultimate,0,durée introuvable,Le stun dépend de la distance parcourue
Aurelion Sol,E,slow,,,multi,skillshot,base,0,mot-clé slow introuvable dans la description ; %slow introuvable,C'est une zone de slow qui attire progressivement au centre de la zone
Aurelion Sol,R,airborne,1.0,,multi,skillshot,ultimate,0,,
Aurelion Sol,R,slow,1.0,50.0,multi,skillshot,ultimate,0,,
Aurelion Sol,R,stun,1.0,,multi,skillshot,ultimate,0,,
Aurora,E,slow,1.0,80.0,multi,skillshot,base,0,,
Aurora,R,slow,2.0,30.0,multi,skillshot,ultimate,0,,
Azir,Q,slow,1.0,25.0,multi,skillshot,base,0,,
Azir,R,airborne,1.0,,mono,skillshot,ultimate,1,,
Bard,P,slow,1.0,50.0,multi,skillshot,base,0,"%slow variable ({{pp|type = number of Chimes|key=%|25 to 75 for 6|5;25;45;60;75;85}}), moyenne retenue",
Bard,Q,slow,1.4,60.0,mono,skillshot,base,0,"durée depuis leveling « Disable Duration », moyenne retenue",
Bard,Q,stun,1.4,,mono,skillshot,base,0,"durée depuis leveling « Disable Duration », moyenne retenue",
Bard,R,stun,,,multi,skillshot,ultimate,0,durée introuvable,"Il s'agit d'une stase comme le Zhonya qui dure 2,5s"
Bel'Veth,W,airborne,0.75,,multi,skillshot,base,0,,
Bel'Veth,W,slow,1.75,50.0,multi,skillshot,base,0,"durée depuis leveling « Slow Duration », moyenne retenue",
Blitzcrank,E,airborne,1.0,,mono,point_click,base,0,,
Blitzcrank,Q,airborne,0.5,,mono,skillshot,base,1,défaut appliqué : knockback/pull 0.5 s — à vérifier,
Blitzcrank,Q,stun,0.65,,mono,skillshot,base,0,,
Blitzcrank,R,silence,0.5,,multi,point_click,ultimate,0,,
Blitzcrank,W,slow,1.5,30.0,mono,point_click,base,0,,Se slow lui même
Brand,Q,stun,1.75,,mono,skillshot,base,0,,
Brand,R,slow,0.25,45.0,multi,point_click,ultimate,0,"%slow depuis leveling « Slow », moyenne retenue",
Braum,P,stun,1.5,,mono,skillshot,base,0,"durée variable ({{pp|changedisplay=true|1.25 to 1.75 for 3|1 to 13|type=his level|label1=level}}), moyenne retenue",
Braum,Q,slow,2.0,70.0,mono,skillshot,base,0,,
Braum,R,airborne,0.6,,multi,skillshot,ultimate,0,,
Braum,R,slow,,50.0,multi,skillshot,ultimate,0,"%slow depuis leveling « Slow », moyenne retenue",Zone de slow
Briar,E,airborne,0.5,,multi,skillshot,base,1,,
Briar,E,slow,0.5,80.0,multi,skillshot,base,0,,
Briar,E,stun,1.5,,multi,skillshot,base,0,,
Briar,Q,stun,0.85,,mono,point_click,base,0,,
Briar,R,fear,1.5,,multi,skillshot,ultimate,0,,
Briar,R,slow,,35.0,multi,skillshot,ultimate,0,,Slow de 1.5
Caitlyn,E,slow,1.0,50.0,mono,skillshot,base,0,,
Caitlyn,W,root,1.5,,mono,skillshot,base,0,,
Camille,E,airborne,0.75,,mono,skillshot,base,1,,
Camille,E,stun,0.75,,mono,skillshot,base,0,,
Camille,R,airborne,3.25,,multi,point_click,ultimate,1,"durée depuis leveling « Zone Duration », moyenne retenue",
Camille,W,slow,2.0,80.0,multi,skillshot,base,0,,
Cassiopeia,R,slow,2.0,40.0,multi,skillshot,ultimate,0,,
Cassiopeia,R,stun,,,multi,skillshot,ultimate,0,durée introuvable,Stun de 2s si ennemi de face
Cassiopeia,W,ground,,,multi,skillshot,base,0,durée introuvable,Zone de CC
Cassiopeia,W,slow,,60.0,multi,skillshot,base,0,"%slow depuis leveling « Slow », moyenne retenue",Zone de CC
Cho'Gath,E,slow,1.5,40.0,multi,point_click,base,0,"%slow depuis leveling « Slow », moyenne retenue",
Cho'Gath,Q,airborne,1.0,,multi,skillshot,base,0,,
Cho'Gath,Q,slow,1.5,60.0,multi,skillshot,base,0,,
Cho'Gath,W,silence,1.8,,multi,skillshot,base,0,"durée depuis leveling « Silence Duration », moyenne retenue",
Darius,E,airborne,1.0,,multi,skillshot,base,1,,
Darius,E,slow,,,mono,skillshot,base,0,"slow appliqué au lanceur (self), pas un CC ennemi — à exclure ?",Slow de 1s
Darius,W,slow,1.0,90.0,mono,point_click,base,0,,
Diana,R,airborne,2.0,,multi,point_click,ultimate,1,,
Diana,R,slow,2.0,50.0,multi,point_click,ultimate,0,"%slow depuis leveling « Slow », moyenne retenue",
Dr. Mundo,Q,slow,2.0,40.0,mono,skillshot,base,0,,
Draven,E,airborne,2.0,,multi,skillshot,base,1,,
Draven,E,slow,2.0,30.0,multi,skillshot,base,0,"%slow depuis leveling « Slow », moyenne retenue",
Ekko,Q,slow,1.75,50.0,multi,skillshot,base,0,"%slow depuis leveling « Slow », moyenne retenue",
Ekko,W,slow,2.0,40.0,multi,skillshot,base,0,,
Ekko,W,stun,2.25,,multi,skillshot,base,0,,
Elise,E,stun,2.0,,mono,skillshot,base,0,"durée depuis leveling « Stun Duration », moyenne retenue",
Evelynn,W,charm,1.75,,mono,point_click,base,0,"durée depuis leveling « Disable Duration », moyenne retenue",
Evelynn,W,slow,0.75,45.0,mono,point_click,base,0,,
Fiddlesticks,E,silence,1.25,,multi,skillshot,base,0,,
Fiddlesticks,E,slow,1.25,40.0,multi,skillshot,base,0,"%slow depuis leveling « Slow », moyenne retenue",
Fiddlesticks,Q,fear,1.6,,mono,point_click,base,0,"durée depuis leveling « Fear Duration », moyenne retenue",
Fiddlesticks,Q,slow,,90.0,mono,point_click,base,0,,"Slow de 1,6s"
Fiora,E,slow,1.0,30.0,mono,point_click,base,0,,
Fiora,W,slow,2.0,25.0,multi,skillshot,base,0,,
Fiora,W,stun,,,multi,skillshot,base,0,durée introuvable,Stun conditionnel de 2s
Fizz,E,slow,2.0,50.0,multi,skillshot,base,0,"%slow depuis leveling « Slow », moyenne retenue",
Fizz,R,airborne,2.0,,multi,skillshot,ultimate,1,,
Fizz,R,slow,2.0,,multi,skillshot,ultimate,0,%slow introuvable,
Galio,E,airborne,0.75,,mono,skillshot,base,0,,
Galio,R,airborne,0.75,,multi,point_click,ultimate,1,,
Galio,W,slow,,,mono,point_click,base,0,"slow appliqué au lanceur (self), pas un CC ennemi — à exclure ?",Se slow lui même
Galio,W,taunt,1.0,,mono,point_click,base,0,"durée variable ({{pp|type=channel time|0.5 to 1.5 for 9|0 to 1.25|formula=0.5+(0.125 per 0.16 seconds channeled).}}), moyenne retenue",
Gangplank,E,slow,2.0,60.0,multi,skillshot,base,0,"%slow depuis leveling « Slow », moyenne retenue",
Gangplank,R,slow,0.5,30.0,multi,skillshot,ultimate,0,,
Garen,Q,silence,1.5,,mono,point_click,base,0,,
Gnar,E,slow,0.5,80.0,mono,skillshot,base,0,,
Gnar,E,slow,0.5,80.0,multi,skillshot,base,0,,
Gnar,Q,slow,2.0,25.0,multi,skillshot,base,0,"%slow depuis leveling « Slow », moyenne retenue",
Gnar,Q,slow,2.0,40.0,multi,skillshot,base,0,"%slow depuis leveling « Slow », moyenne retenue",
Gnar,R,airborne,1.5,,multi,skillshot,ultimate,1,"durée depuis leveling « Disable Duration », moyenne retenue",
Gnar,R,slow,1.5,45.0,multi,skillshot,ultimate,0,"durée depuis leveling « Disable Duration », moyenne retenue",
Gnar,R,stun,1.5,,multi,skillshot,ultimate,0,"durée depuis leveling « Disable Duration », moyenne retenue",
Gnar,W,stun,1.25,,multi,skillshot,base,0,,
Gragas,E,airborne,1.0,,multi,skillshot,base,1,,
Gragas,E,stun,1.0,,multi,skillshot,base,0,,
Gragas,Q,slow,2.0,50.0,multi,skillshot,base,0,"%slow depuis leveling « Minimum Slow », moyenne retenue",
Gragas,R,airborne,0.5,,multi,skillshot,ultimate,1,défaut appliqué : knockback/pull 0.5 s — à vérifier,
Graves,W,slow,0.5,50.0,multi,skillshot,base,0,,
Gwen,R,slow,1.5,45.0,multi,skillshot,ultimate,0,"%slow depuis leveling « Slow », moyenne retenue",
Hecarim,E,airborne,0.5,,mono,point_click,base,1,défaut appliqué : knockback/pull 0.5 s — à vérifier,
Hecarim,E,stun,0.25,,mono,point_click,base,0,,
Hecarim,R,fear,1.125,,multi,skillshot,ultimate,0,"durée variable ({{pp|type=distance traveled|0.75 to 1.5 for 11|0 to 1000}}), moyenne retenue",
Hecarim,R,slow,,49.5,multi,skillshot,ultimate,0,"%slow variable ({{pp|type=distance from '''Hecarim'''|0;0 to 99|0;150 to 300 by 25|formula=Minimum of 0% slow at &le;150 centered range from '''Hecarim''', maximum of 99% at 300 centered range from '''Hecarim''' (linearly interpolated).|key=%}}), moyenne retenue","Slow de 1,125s"
Heimerdinger,E,slow,2.0,35.0,multi,skillshot,base,0,,
Heimerdinger,E,slow,2.0,35.0,multi,skillshot,base,0,,
Heimerdinger,E,stun,1.5,,multi,skillshot,base,0,,
Heimerdinger,E,stun,1.5,,multi,skillshot,base,0,,
Hwei,E,airborne,0.5,,multi,skillshot,base,1,défaut appliqué : knockback/pull 0.5 s — à vérifier,
Hwei,E,slow,,35.0,multi,skillshot,base,0,,
Hwei,E,slow,1.25,55.0,multi,skillshot,base,0,"%slow depuis leveling « Slow », moyenne retenue",
Hwei,Q,fear,1.25,,mono,skillshot,base,0,"durée depuis leveling « Disable Duration », moyenne retenue",
Hwei,Q,slow,1.25,85.4,mono,skillshot,base,0,"durée depuis leveling « Disable Duration », moyenne retenue ; %slow variable ({{pp|type=distance from '''Hwei'''|70;78;86;94;99|0;300;600;900;1100|key=%|changedisplay=true|formula=70% + 1% for every 38 units the target is away from Hwei at the time of being hit}}), moyenne retenue",
Hwei,R,slow,0.25,10.0,multi,skillshot,ultimate,0,,
Hwei,W,root,1.6,,mono,skillshot,base,0,"durée depuis leveling « Root Duration », moyenne retenue",
Illaoi,E,slow,1.5,80.0,mono,skillshot,base,0,,
Irelia,E,stun,0.75,,multi,skillshot,base,0,,
Irelia,R,slow,1.5,90.0,multi,skillshot,ultimate,0,,
Ivern,E,slow,2.0,50.0,multi,point_click,base,0,"%slow depuis leveling « Slow », moyenne retenue",
Ivern,Q,root,1.8,,mono,skillshot,base,0,"durée depuis leveling « Root Duration », moyenne retenue",
Ivern,R,airborne,0.75,,mono,skillshot,ultimate,0,mot-clé airborne introuvable dans la description ; défaut appliqué : knock-up 0.75 s — à vérifier,
Ivern,R,stun,,,mono,skillshot,ultimate,0,mot-clé stun introuvable dans la description ; durée introuvable,Sur le fandom je ne vois pas de stun mais un airbone de 1s
Janna,Q,airborne,0.875,,multi,skillshot,base,0,"durée variable ({{pp|type=seconds charged|0.5 to 1.25|0 to 1.5 by 0.1}}), moyenne retenue",
Janna,R,airborne,0.5,,multi,point_click,ultimate,1,,
Janna,W,slow,2.0,8.0,mono,point_click,base,0,"%slow depuis leveling « Bonus Movement Speed », moyenne retenue",
Jarvan IV,Q,airborne,0.75,,multi,skillshot,base,0,,
Jarvan IV,R,airborne,0.15,,multi,point_click,ultimate,1,,
Jarvan IV,W,slow,2.0,25.0,multi,point_click,base,0,"%slow depuis leveling « Slow », moyenne retenue",
Jax,E,stun,1.0,,multi,point_click,base,0,,
Jayce,E,airborne,0.4,,mono,point_click,base,1,,
Jayce,E,root,,,mono,point_click,base,0,durée introuvable,"Dure 0,25s"
Jayce,Q,slow,2.0,47.5,multi,point_click,base,0,"%slow depuis leveling « Slow », moyenne retenue",
Jhin,E,slow,2.0,35.0,multi,skillshot,base,0,,
Jhin,R,slow,0.5,80.0,multi,skillshot,ultimate,0,,
Jhin,W,root,1.75,,multi,skillshot,base,0,"durée depuis leveling « Root Duration », moyenne retenue",
Jinx,E,root,1.5,,multi,skillshot,base,0,,
Jinx,W,slow,2.0,60.0,mono,skillshot,base,0,"%slow depuis leveling « Slow », moyenne retenue",
K'Sante,Q,airborne,0.65,,multi,skillshot,base,1,,
K'Sante,Q,slow,0.5,80.0,multi,skillshot,base,0,,
K'Sante,Q,stun,0.8,,multi,skillshot,base,0,,
K'Sante,R,airborne,0.5,,mono,point_click,ultimate,1,,
K'Sante,R,root,,,mono,point_click,ultimate,0,durée introuvable,"Pour le R K'sante il y a un root de 0,5s et un airbone de 0,25s et un stun de 0,5s"
K'Sante,R,stun,0.3,,mono,point_click,ultimate,0,,
K'Sante,W,airborne,0.5,,mono,skillshot,base,1,défaut appliqué : knockback/pull 0.5 s — à vérifier,
K'Sante,W,stun,,,mono,skillshot,base,0,durée introuvable,"De 0,5s à 1,75s en fonction du temps de charge du sort"
Kalista,E,slow,2.0,26.0,multi,skillshot,base,0,"%slow depuis leveling « Slow », moyenne retenue",
Kalista,R,airborne,1.0,,multi,skillshot,ultimate,0,,
Kalista,R,silence,,,multi,skillshot,ultimate,0,durée introuvable,C'est l'allié qui est silence
Karma,Q,slow,1.5,40.0,multi,skillshot,base,0,,
Karma,Q,slow,,50.0,multi,skillshot,base,0,,Le RQ crée une zone de slow en plus du slow normal
Karma,W,root,1.8,,mono,point_click,base,0,"durée depuis leveling « Root Duration », moyenne retenue",
Karma,W,root,0.875,,mono,point_click,base,0,"durée depuis leveling « Root Duration Increase », moyenne retenue",
Karthus,W,slow,5.0,60.0,mono,skillshot,base,0,"%slow depuis leveling « Slow », moyenne retenue",
Kassadin,E,slow,1.0,60.0,multi,skillshot,base,0,"%slow depuis leveling « Slow », moyenne retenue",
Kayle,Q,slow,2.0,35.0,mono,skillshot,base,0,"%slow depuis leveling « Slow », moyenne retenue",
Kayn,W,airborne,1.0,,multi,skillshot,base,0,forme Rhaast,
Kayn,W,slow,1.5,90.0,multi,skillshot,base,0,,
Kayn,W,slow,1.5,90.0,multi,skillshot,base,0,forme Rhaast,
Kennen,P,stun,1.25,,multi,skillshot,base,0,,
Kha'Zix,P,slow,2.0,25.0,mono,skillshot,base,0,,
Kha'Zix,W,slow,2.0,40.0,multi,skillshot,base,0,,
Kindred,E,slow,1.0,30.0,mono,point_click,base,0,,
Kindred,W,slow,2.0,50.0,mono,skillshot,base,0,,
Kled,Q,airborne,2.5,,multi,skillshot,base,1,,Le airbone m'a l'air très élevé
Kled,Q,slow,2.5,40.0,multi,skillshot,base,0,"%slow depuis leveling « Slow », moyenne retenue","Le slow est de 1,5s"
Kled,R,airborne,0.5,,mono,skillshot,ultimate,1,défaut appliqué : knockback/pull 0.5 s — à vérifier,
Kog'Maw,E,slow,,50.0,multi,skillshot,base,0,"%slow depuis leveling « Slow », moyenne retenue",Zone de slow
LeBlanc,E,root,1.5,,mono,skillshot,base,0,,
Lee Sin,E,slow,4.0,55.0,multi,skillshot,base,0,"%slow depuis leveling « Slow », moyenne retenue",
Lee Sin,R,airborne,0.8,,mono,point_click,ultimate,1,,
Lee Sin,R,root,,,mono,point_click,ultimate,0,durée introuvable,"Root de 0,25s"
Leona,E,root,0.5,,multi,skillshot,base,0,,
Leona,Q,stun,1.0,,mono,point_click,base,0,,
Leona,R,slow,1.75,80.0,multi,skillshot,ultimate,0,,
Leona,R,stun,,,multi,skillshot,ultimate,0,durée introuvable,"Stun de 1,75s"
Lillia,E,slow,3.0,40.0,multi,skillshot,base,0,,
Lillia,R,sleep,1.5,,mono,point_click,ultimate,0,,
Lillia,R,slow,2.0,10.0,mono,point_click,ultimate,0,,
Lissandra,P,slow,4.0,25.0,multi,skillshot,base,0,,
Lissandra,Q,slow,1.5,28.0,multi,skillshot,base,0,"%slow depuis leveling « Slow », moyenne retenue",
Lissandra,R,slow,0.5,60.0,mono,point_click,ultimate,0,"%slow depuis leveling « Slow », moyenne retenue",
Lissandra,R,stun,1.5,,mono,point_click,ultimate,0,,
Lissandra,W,root,1.45,,multi,point_click,base,0,"durée depuis leveling « Root Duration », moyenne retenue",
Locke,Q,slow,1.0,25.0,multi,skillshot,base,0,,
Locke,R,slow,2.0,99.0,multi,skillshot,ultimate,0,,Locke vient de sortir il n'est pas présent sur le fandom mais je pense que le slow decay sur 2s
Lulu,Q,slow,2.0,80.0,multi,skillshot,base,0,,
Lulu,R,airborne,1.0,,multi,point_click,ultimate,0,,
Lulu,R,slow,0.25,45.0,multi,point_click,ultimate,0,"%slow depuis leveling « Slow », moyenne retenue",
Lulu,W,polymorph,1.6,,mono,point_click,base,0,"durée depuis leveling « Disable Duration », moyenne retenue",
Lulu,W,slow,1.6,,mono,point_click,base,0,"mot-clé slow introuvable dans la description ; durée depuis leveling « Disable Duration », moyenne retenue ; %slow introuvable",Le W de Lulu réduit la move speed à 60 on peut calculer le pourcentage en prenant la moyenne où la move speed médiane
Lux,E,slow,1.0,35.0,multi,skillshot,base,0,"%slow depuis leveling « Slow », moyenne retenue",
Lux,Q,root,2.0,,multi,skillshot,base,0,,
Malphite,Q,slow,3.0,30.0,mono,point_click,base,0,"%slow depuis leveling « Slow », moyenne retenue",
Malphite,R,airborne,1.5,,multi,skillshot,ultimate,0,,
Malzahar,Q,silence,1.5,,mono,skillshot,base,0,"durée depuis leveling « Silence Duration », moyenne retenue",
Malzahar,R,suppression,1.25,,multi,point_click,ultimate,0,défaut appliqué : suppression liée à un déplacement 1.25 s — à vérifier,
Maokai,E,slow,2.0,45.0,multi,skillshot,base,0,,
Maokai,Q,airborne,0.5,,multi,skillshot,base,1,défaut appliqué : knockback/pull 0.5 s — à vérifier,
Maokai,Q,slow,0.25,99.0,multi,skillshot,base,0,,
Maokai,Q,stun,0.5,,multi,skillshot,base,0,,
Maokai,R,root,,,multi,skillshot,ultimate,0,durée introuvable,"Le sort root de 0,75s à 2,25s selon la distance parcourue par le sort"
Maokai,W,root,1.2,,mono,point_click,base,0,"durée depuis leveling « Root Duration », moyenne retenue",
Mel,E,root,1.5,,multi,skillshot,base,0,,
Mel,E,slow,0.25,30.0,multi,skillshot,base,0,,
Milio,Q,airborne,1.0,,multi,skillshot,base,1,,
Milio,Q,slow,1.5,50.0,multi,skillshot,base,0,"%slow depuis leveling « Slow », moyenne retenue",
Milio,Q,stun,1.0,,multi,skillshot,base,0,,
Miss Fortune,E,slow,,40.0,multi,skillshot,base,0,,Zone de slow
Mordekaiser,E,airborne,0.5,,multi,skillshot,base,1,défaut appliqué : knockback/pull 0.5 s — à vérifier,Ce n'est pas un airbone ça attire sur 250 unités j'ai plus d'info
Mordekaiser,R,slow,,75.0,mono,point_click,ultimate,0,,"Slow de 0,5s"
Morgana,Q,root,2.5,,mono,skillshot,base,0,"durée depuis leveling « Root Duration », moyenne retenue",
Morgana,R,slow,,20.0,mono,skillshot,ultimate,0,,Slow de 3s
Morgana,R,stun,1.75,,mono,skillshot,ultimate,0,"durée depuis leveling « Stun Duration », moyenne retenue",
Naafiri,R,slow,0.25,99.0,mono,point_click,ultimate,0,,Je ne vois pas de slow
Nami,E,slow,1.0,25.0,mono,point_click,base,0,"%slow depuis leveling « Slow », moyenne retenue",
Nami,Q,airborne,0.75,,multi,skillshot,base,0,mot-clé airborne introuvable dans la description ; défaut appliqué : knock-up 0.75 s — à vérifier,
Nami,R,airborne,0.75,,multi,skillshot,ultimate,0,défaut appliqué : knock-up 0.75 s — à vérifier,
Nami,R,slow,3.0,70.0,multi,skillshot,ultimate,0,"durée variable ({{pp|type=distance traveled|2 to 4 by 0.2|0 to 2750|formula = ''Capped at 2750 range.''}}), moyenne retenue",
Nasus,W,slow,,35.0,mono,point_click,base,0,,Slow de 5s qui augmente au fur et à mesur
Nautilus,E,slow,1.5,40.0,multi,point_click,base,0,"%slow depuis leveling « Slow », moyenne retenue",
Nautilus,P,root,1.125,,mono,skillshot,base,0,"durée variable ({{pp|changedisplay=true|0.75 to 1.5 for 4|1 to 16}}), moyenne retenue",
Nautilus,Q,airborne,0.9,,mono,skillshot,base,1,,
Nautilus,Q,stun,1.0,,mono,skillshot,base,0,,
Nautilus,R,airborne,1.0,,multi,point_click,ultimate,0,,
Nautilus,R,stun,1.5,,multi,point_click,ultimate,0,"durée depuis leveling « Stun Duration », moyenne retenue",
Neeko,E,root,1.1,,multi,skillshot,base,0,"durée depuis leveling « Root Duration », moyenne retenue",Si le E de Neeko passe au travers d'une unité les unités derrière sont root de 1.8 / 2.1 / 2.4 / 2.7 / 3s selon le niveau
Neeko,R,airborne,0.6,,multi,point_click,ultimate,0,,
Neeko,R,stun,0.75,,multi,point_click,ultimate,0,,
Nilah,R,airborne,3.0,,multi,point_click,ultimate,1,,Le sort slow pendant 3s mais le airbone est de 250 units mais ne dure pas 3s
Nilah,R,slow,3.0,10.0,multi,point_click,ultimate,0,,
Nocturne,E,fear,2.0,,mono,point_click,base,0,,
Nocturne,E,slow,,,mono,point_click,base,0,"slow appliqué au lanceur (self), pas un CC ennemi — à exclure ?",Le fear est conditionel est dure 1.25 / 1.5 / 1.75 / 2 / 2.25s les durées sont les mêmes pour le slow qui est de 90%
Nunu,E,root,1.0,,multi,skillshot,base,0,"durée variable ({{pp|0.5 + (1.5-0.5)/17*(x-1) for 20}}), moyenne retenue ; durée extraite 6.75 s invraisemblable (> 4.0 s), écartée — à vérifier ; durée variable ({{pp|0.5 to 1.5}}), moyenne retenue ; complété via wiki Fandom (contenu possiblement daté)",
Nunu,E,slow,1.0,40.0,multi,skillshot,base,0,"%slow depuis leveling « Slow », moyenne retenue",
Nunu,R,slow,1.5,72.5,multi,point_click,ultimate,0,"durée variable ({{pp|type=channel time|0 to 3 for 13|0 to 3}}), moyenne retenue ; %slow variable ({{pp|type=channel time|key=%|0;50 to 95 for 11;95|0 to 3|formula=Increases by 4.5% every 0.25 seconds. ''Starts at 0.25 seconds and finishes at 2.75 seconds''}}), moyenne retenue",
Nunu,W,airborne,0.625,,multi,skillshot,base,0,"durée variable ({{pp|type=charge time|0.5;0.5 to 0.75 for 5|0 to 5|formula=Increases linearly after 1 second into the duration.}}), moyenne retenue",
Nunu,W,slow,,,multi,skillshot,base,0,%slow introuvable,Le sort n'applique pas de slow
Nunu,W,stun,0.25,,multi,skillshot,base,0,"durée variable ({{pp|type=charge time|0;0;0;0 to 0.5 for 9|0;1;2 to 5|formula=Increases per game tick after 2.33 seconds.}}), moyenne retenue ; complété via wiki Fandom (contenu possiblement daté)",
Olaf,Q,slow,2.0,40.0,mono,skillshot,base,0,"durée variable ({{pp|type=distance traveled|1 to 3 for 9|400 to 1000|formula=1+(0.25 per 75 units traveled)}}), moyenne retenue ; %slow depuis leveling « Slow », moyenne retenue",
Orianna,R,airborne,0.5,,multi,point_click,ultimate,1,défaut appliqué : knockback/pull 0.5 s — à vérifier,
Orianna,R,stun,0.75,,multi,point_click,ultimate,0,,
Orianna,W,slow,2.0,30.0,multi,point_click,base,0,"%slow depuis leveling « Movement Speed Modifier », moyenne retenue",
Ornn,E,airborne,1.25,,multi,skillshot,base,0,,Conditionnel car il faut toucher un mur
Ornn,E,stun,1.25,,multi,skillshot,base,0,,
Ornn,P,airborne,0.5,,multi,skillshot,base,1,défaut appliqué : knockback/pull 0.5 s — à vérifier,Conditionnel car il faut que cible est l'état brittle
Ornn,Q,airborne,4.0,,multi,skillshot,base,1,,L'élément crée dure 4s mais il airbone quasiment pas
Ornn,Q,slow,2.0,40.0,multi,skillshot,base,0,,
Ornn,R,airborne,1.0,,mono,skillshot,ultimate,0,,
Ornn,R,slow,2.0,50.0,mono,skillshot,ultimate,0,"%slow depuis leveling « Slow », moyenne retenue",
Ornn,R,stun,1.0,,mono,skillshot,ultimate,0,,
Ornn,W,slow,,,multi,skillshot,base,0,mot-clé slow introuvable dans la description ; %slow introuvable,Le W en lui même ne slow pas mais applique l'état brittle
Pantheon,Q,slow,,,mono,skillshot,base,0,"slow appliqué au lanceur (self), pas un CC ennemi — à exclure ?",Se slow lui même
Pantheon,R,slow,2.0,50.0,multi,skillshot,ultimate,0,,
Pantheon,W,stun,1.0,,mono,point_click,base,0,,
Poppy,E,airborne,0.5,,mono,point_click,base,1,défaut appliqué : knockback/pull 0.5 s — à vérifier,
Poppy,E,stun,1.8,,mono,point_click,base,0,"durée depuis leveling « Stun Duration », moyenne retenue",Conditionnel
Poppy,Q,slow,,30.0,multi,skillshot,base,0,"%slow depuis leveling « Slow », moyenne retenue",Zone de slow
Poppy,R,airborne,0.5,,multi,skillshot,ultimate,1,,
Poppy,R,slow,,,mono,skillshot,ultimate,0,"slow appliqué au lanceur (self), pas un CC ennemi — à exclure ?",Se slow elle même
Poppy,W,airborne,0.5,,multi,point_click,base,0,,
Poppy,W,ground,2.0,,multi,point_click,base,0,,
Poppy,W,slow,2.0,25.0,multi,point_click,base,0,,
Pyke,E,stun,,,multi,skillshot,base,0,durée introuvable,Voici la formule = 1.25 (+ 0.1 per 10 Lethality)
Pyke,Q,airborne,1.0,,mono,skillshot,base,1,,
Pyke,Q,slow,1.0,90.0,mono,skillshot,base,0,,
Qiyana,Q,root,0.5,,multi,skillshot,base,0,,
Qiyana,Q,slow,1.0,20.0,multi,skillshot,base,0,,
Qiyana,R,airborne,0.5,,multi,skillshot,ultimate,1,défaut appliqué : knockback/pull 0.5 s — à vérifier,
Qiyana,R,stun,0.75,,multi,skillshot,ultimate,0,"durée variable ({{pp|changedisplay=true|type=proximity|0.5;1|0;X}}), moyenne retenue",
Quinn,E,airborne,0.5,,mono,point_click,base,1,,
Quinn,E,slow,1.5,50.0,mono,point_click,base,0,,
Quinn,R,slow,,100.0,mono,point_click,ultimate,0,"mot-clé slow introuvable dans la description ; %slow depuis leveling « Total Movement Speed Increase », moyenne retenue",Se slow elle même pendant le l'incantation du sort
Rakan,R,charm,1.25,,mono,point_click,ultimate,0,"durée depuis leveling « Disable Duration », moyenne retenue",
Rakan,R,slow,1.25,75.0,mono,point_click,ultimate,0,"durée depuis leveling « Disable Duration », moyenne retenue",
Rakan,W,airborne,1.0,,multi,skillshot,base,0,,
Rammus,E,taunt,1.6,,mono,point_click,base,0,"durée depuis leveling « Taunt Duration », moyenne retenue",
Rammus,Q,airborne,0.5,,multi,point_click,base,1,défaut appliqué : knockback/pull 0.5 s — à vérifier,
Rammus,Q,slow,1.0,60.0,multi,point_click,base,0,"%slow depuis leveling « Slow », moyenne retenue",
Rammus,Q,stun,1.0,,multi,point_click,base,0,,
Rammus,R,airborne,0.75,,multi,skillshot,ultimate,0,,
Rammus,R,slow,1.5,40.0,multi,skillshot,ultimate,0,"%slow depuis leveling « Slow », moyenne retenue",
Rek'Sai,W,airborne,1.0,,multi,point_click,base,0,,
Rell,E,stun,,,mono,point_click,base,0,mot-clé stun introuvable dans la description ; durée introuvable,Je ne vois pas de stun sur le fandom
Rell,Q,stun,0.65,,multi,skillshot,base,0,,
Rell,R,airborne,0.5,,multi,point_click,ultimate,1,défaut appliqué : knockback/pull 0.5 s — à vérifier,Il y a aussi une attirance vers Rell qui dure 2s
Rell,W,airborne,0.4,,multi,skillshot,base,0,,
Rell,W,airborne,0.4,,mono,point_click,base,1,,
Rell,W,stun,0.8,,multi,skillshot,base,0,,
Rell,W,stun,0.6,,mono,point_click,base,0,,
Renata Glasc,E,slow,2.0,30.0,multi,skillshot,base,0,,
Renata Glasc,Q,airborne,0.5,,mono,skillshot,base,1,défaut appliqué : knockback/pull 0.5 s — à vérifier,
Renata Glasc,Q,root,1.0,,mono,skillshot,base,0,,
Renata Glasc,Q,slow,,,mono,skillshot,base,0,mot-clé slow introuvable dans la description ; %slow introuvable,Se slow ele même
Renata Glasc,Q,stun,0.5,,mono,skillshot,base,0,,Le stun est conditionnel
Renekton,W,stun,0.75,,mono,point_click,base,0,,
Rengar,E,root,,,mono,skillshot,base,0,durée introuvable,"Root de 1,75s"
Rengar,E,slow,1.75,60.0,mono,skillshot,base,0,"%slow depuis leveling « Slow », moyenne retenue",
Riven,Q,airborne,0.5,,multi,point_click,base,1,,
Riven,W,stun,0.75,,multi,point_click,base,0,,
Rumble,E,slow,2.0,3.0,mono,skillshot,base,0,"%slow depuis leveling « Slow », moyenne retenue",
Rumble,R,slow,,35.0,multi,skillshot,ultimate,0,,Zone de slow
Ryze,R,root,,,mono,skillshot,ultimate,0,durée introuvable,Se root lui même
Ryze,R,silence,,,mono,skillshot,ultimate,0,durée introuvable,Se silence lui même
Ryze,W,root,,,mono,point_click,base,0,durée introuvable,"Root conditionnel de 1,5s"
Ryze,W,slow,1.5,50.0,mono,point_click,base,0,,
Samira,P,airborne,0.5,,mono,skillshot,base,0,,
Samira,R,slow,,,multi,skillshot,ultimate,0,mot-clé slow introuvable dans la description ; %slow introuvable,Se slow elle même
Sejuani,E,airborne,0.5,,multi,point_click,base,1,mot-clé airborne introuvable dans la description ; défaut appliqué : knockback/pull 0.5 s — à vérifier,
Sejuani,E,stun,1.0,,multi,point_click,base,0,,
Sejuani,Q,airborne,0.5,,mono,skillshot,base,0,,
Sejuani,R,slow,1.0,30.0,multi,skillshot,ultimate,0,,
Sejuani,R,stun,1.0,,multi,skillshot,ultimate,0,,
Sejuani,W,slow,0.25,75.0,multi,skillshot,base,0,,
Senna,Q,slow,1.5,15.0,multi,point_click,base,0,"durée depuis leveling « Slow Duration », moyenne retenue",
Senna,W,root,1.75,,mono,skillshot,base,0,"durée depuis leveling « Root Duration », moyenne retenue",
Seraphine,E,root,1.3,,multi,skillshot,base,0,"durée depuis leveling « Disable Duration », moyenne retenue",Le E de Séraphine root si la personne est déjà slow et stun si la personne et déjà root
Seraphine,E,slow,1.3,99.0,multi,skillshot,base,0,"durée depuis leveling « Disable Duration », moyenne retenue",
Seraphine,E,stun,1.3,,multi,skillshot,base,0,"durée depuis leveling « Disable Duration », moyenne retenue",
Seraphine,R,charm,1.5,,multi,skillshot,ultimate,0,"durée depuis leveling « Disable Duration », moyenne retenue",
Seraphine,R,slow,1.5,40.0,multi,skillshot,ultimate,0,"durée depuis leveling « Disable Duration », moyenne retenue",
Sett,E,airborne,0.5,,multi,skillshot,base,1,défaut appliqué : knockback/pull 0.5 s — à vérifier,
Sett,E,slow,0.5,70.0,multi,skillshot,base,0,,
Sett,E,stun,1.0,,multi,skillshot,base,0,,Stun conditionnel
Sett,R,slow,1.0,99.0,multi,point_click,ultimate,0,,
Sett,R,suppression,1.25,,multi,point_click,ultimate,0,défaut appliqué : suppression liée à un déplacement 1.25 s — à vérifier,
Shaco,E,slow,2.0,25.0,mono,point_click,base,0,"%slow depuis leveling « Slow », moyenne retenue",
Shaco,R,fear,1.0,,multi,skillshot,ultimate,0,,
Shaco,R,root,0.5,,multi,skillshot,ultimate,0,,
Shaco,R,slow,,,multi,skillshot,ultimate,0,mot-clé slow introuvable dans la description ; %slow introuvable,Passe la move speed des champions touchés à 100
Shaco,W,fear,1.0,,multi,skillshot,base,0,"durée extraite 5.0 s invraisemblable (> 4.0 s), écartée — à vérifier ; durée depuis leveling « Fear Duration », moyenne retenue ; complété via wiki Fandom (contenu possiblement daté)","The box will spring out upon enemy contact, Flee icon fearing nearby enemies for a duration, modified to 2.2 seconds against non-champions, and Root icon rooting them for a duration, modified to a 1 second root against non-champions. After a 0.15-second delay of the box's activation, enemies hit also have their Attack speed icon movement speed reduced. Enemy champions have their movement speed set to a static 100 for the same duration as the fear plus 0.25 seconds, while non-champions are set to a static 60 for 2.35 seconds."
Shaco,W,root,0.9,,multi,skillshot,base,0,"durée depuis leveling « Root Duration », moyenne retenue",
Shaco,W,slow,0.9,,multi,skillshot,base,0,"mot-clé slow introuvable dans la description ; durée depuis leveling « Slow Duration », moyenne retenue ; %slow introuvable",Fear Duration:
Shen,E,taunt,1.5,,mono,skillshot,base,0,,0.5 / 0.75 / 1 / 1.25 / 1.5 seconds
Shen,Q,slow,,35.0,multi,point_click,base,0,"%slow depuis leveling « Slow », moyenne retenue",Slow de 2s
Shyvana,E,slow,2.0,30.0,multi,skillshot,base,0,,0.5 / 0.75 / 1 / 1 / 1 seconds
Shyvana,R,fear,0.75,,multi,skillshot,ultimate,0,,Slow Duration:
Singed,E,airborne,0.5,,mono,point_click,base,1,défaut appliqué : knockback/pull 0.5 s — à vérifier,0.75 / 1 / 1.25 / 1.5 / 1.75 seconds
Singed,E,root,1.5,,mono,point_click,base,0,"durée depuis leveling « Root Duration », moyenne retenue",
Singed,W,ground,,,multi,skillshot,base,0,durée introuvable,Conditionnel
Singed,W,slow,,60.0,multi,skillshot,base,0,"%slow depuis leveling « Slow », moyenne retenue",Zone de slow
Sion,E,slow,2.5,50.0,mono,skillshot,base,0,"%slow depuis leveling « Slow », moyenne retenue",
Sion,Q,airborne,0.75,,multi,skillshot,base,0,défaut appliqué : knock-up 0.75 s — à vérifier,
Sion,Q,slow,0.25,50.0,multi,skillshot,base,0,,
Sion,Q,stun,,,multi,skillshot,base,0,durée introuvable,"Stun de 1,25s à 2,25s selon le temps de charge"
Sion,R,airborne,0.5,,multi,skillshot,ultimate,1,,
Sion,R,slow,3.0,45.0,multi,skillshot,ultimate,0,"%slow depuis leveling « Slow », moyenne retenue",
Sion,R,stun,0.5,,multi,skillshot,ultimate,0,,
Skarner,E,stun,1.1,,mono,skillshot,base,0,,
Skarner,E,suppression,1.25,,mono,skillshot,base,0,défaut appliqué : suppression liée à un déplacement 1.25 s — à vérifier,
Skarner,Q,slow,1.0,40.0,mono,point_click,base,0,,
Skarner,Q,slow,1.25,40.0,mono,skillshot,base,0,complété via wiki Fandom (contenu possiblement daté),
Skarner,R,suppression,1.5,,multi,skillshot,ultimate,0,,
Skarner,W,slow,1.0,20.0,multi,point_click,base,0,,
Smolder,R,slow,,,mono,skillshot,ultimate,0,"slow appliqué au lanceur (self), pas un CC ennemi — à exclure ?",Slow de 40% pendant de 2s
Smolder,W,slow,1.5,35.0,multi,skillshot,base,0,,
Sona,P,slow,2.0,50.0,mono,skillshot,base,0,,
Sona,R,stun,1.5,,multi,skillshot,ultimate,0,,
Soraka,E,root,1.5,,multi,skillshot,base,0,"durée depuis leveling « Root Duration », moyenne retenue",
Soraka,E,silence,,,multi,skillshot,base,0,durée introuvable,Zone de silence
Soraka,Q,slow,1.5,30.0,multi,skillshot,base,0,,
Swain,E,airborne,0.5,,multi,skillshot,base,1,défaut appliqué : knockback/pull 0.5 s — à vérifier,L'airbone a lieu uniquement à la réactivation du sort
Swain,E,airborne,0.5,,multi,skillshot,base,1,défaut appliqué : knockback/pull 0.5 s — à vérifier,
Swain,E,root,1.5,,multi,skillshot,base,0,,
Swain,R,slow,1.5,50.0,multi,point_click,ultimate,0,,
Swain,W,slow,1.5,50.0,multi,skillshot,base,0,,
Sylas,E,airborne,0.5,,mono,skillshot,base,0,,
Sylas,E,stun,0.5,,mono,skillshot,base,0,,
Sylas,Q,slow,1.5,25.0,multi,skillshot,base,0,"%slow depuis leveling « Slow », moyenne retenue",
Syndra,E,airborne,1.25,,multi,skillshot,base,1,,
Syndra,E,slow,1.25,70.0,multi,skillshot,base,0,,
Syndra,E,stun,1.25,,multi,skillshot,base,0,,
Syndra,W,slow,1.5,25.0,multi,skillshot,base,0,,
Tahm Kench,Q,slow,2.0,50.0,mono,skillshot,base,0,,
Tahm Kench,Q,stun,1.5,,mono,skillshot,base,0,,
Tahm Kench,R,airborne,0.5,,mono,skillshot,ultimate,1,défaut appliqué : knockback/pull 0.5 s — à vérifier,
Tahm Kench,R,ground,,,mono,point_click,ultimate,0,durée introuvable,Il est lui même grounded
Tahm Kench,R,slow,,40.0,mono,point_click,ultimate,0,,Il est lui même slow
Tahm Kench,R,suppression,1.25,,mono,point_click,ultimate,0,défaut appliqué : suppression liée à un déplacement 1.25 s — à vérifier,
Tahm Kench,W,airborne,1.0,,multi,skillshot,base,0,,
Tahm Kench,W,stun,1.0,,multi,skillshot,base,0,,
Taliyah,E,slow,,20.0,multi,skillshot,base,0,,Zone de slow
Taliyah,E,stun,,,multi,skillshot,base,0,durée introuvable,"Stun conditionnel de 0,75s"
Taliyah,Q,slow,1.5,30.0,multi,skillshot,base,0,"%slow depuis leveling « Slow », moyenne retenue",
Taliyah,Q,stun,3.0,,multi,skillshot,base,0,,
Taliyah,R,airborne,4.0,,mono,skillshot,ultimate,1,,"Le airbone est dû à la création de terrain mais il ne dure pas 4s il est de 0,5s"
Taliyah,W,airborne,1.0,,multi,skillshot,base,1,,
Talon,W,slow,1.0,50.0,multi,skillshot,base,0,"%slow depuis leveling « Slow », moyenne retenue",ça ne slow pas
Taric,E,stun,1.5,,multi,skillshot,base,0,,
Teemo,Q,blind,2.5,,mono,point_click,base,0,"durée depuis leveling « Blind Duration », moyenne retenue",
Teemo,R,slow,4.0,40.0,multi,skillshot,ultimate,0,"%slow depuis leveling « Slow », moyenne retenue",
Thresh,E,airborne,1.0,,multi,skillshot,base,1,,
Thresh,E,slow,1.0,30.0,multi,skillshot,base,0,"%slow depuis leveling « Slow », moyenne retenue",
Thresh,Q,airborne,0.5,,mono,skillshot,base,1,défaut appliqué : knockback/pull 0.5 s — à vérifier,"Active: Thresh throws out his scythe in the target direction, becoming Lockout icon 2 unable to move or attack while it is in flight. The scythe catches the first enemy hit to deal magic damage and Stun icon stun and True Sight icon reveal them for 1.5 seconds, as well as reduce Death Sentence's Cooldown icon current cooldown by 2 seconds. Thresh will also mark the target Shackled for 1.5 seconds, during which he is unable to declare basic attacks, and is Slow icon slowed by 20% for 1 second. Magic Damage: 100 / 150 / 200 / 250 / 300 (+ 90% AP) While the target is Stun icon stunned, Thresh tugs twice over 0.8 seconds, Airborne icon pulling the target a short distance with each tug. After 0.5 seconds of hitting an enemy or instantly after hitting a Minion icon minion or Monster icon monster, Thresh can recast the ability while the target is Shackled, which will cause him to stop tugging."
Thresh,Q,slow,1.0,20.0,mono,skillshot,base,0,,
Thresh,R,slow,2.0,99.0,mono,point_click,ultimate,0,,
Tristana,R,airborne,0.5,,mono,point_click,ultimate,1,défaut appliqué : knockback/pull 0.5 s — à vérifier,
Tristana,R,stun,0.55,,mono,point_click,ultimate,0,"durée depuis leveling « Stun Duration », moyenne retenue",
Tristana,W,slow,2.0,40.0,multi,skillshot,base,0,,
Trundle,E,airborne,0.25,,multi,skillshot,base,1,défaut appliqué : knock-up très court (mur/pilier) 0.25 s — à vérifier,
Trundle,E,slow,,42.0,multi,skillshot,base,0,"%slow depuis leveling « Slow », moyenne retenue",
Trundle,Q,slow,0.1,75.0,mono,point_click,base,0,,
Tryndamere,W,slow,,40.0,mono,skillshot,base,0,"%slow depuis leveling « Slow », moyenne retenue",Slow conditionnel de 4s
Twisted Fate,W,slow,2.5,40.0,mono,point_click,base,0,"%slow depuis leveling « Slow », moyenne retenue",
Twisted Fate,W,stun,1.5,,mono,point_click,base,0,"durée depuis leveling « Stun Duration », moyenne retenue",
Twitch,W,slow,,40.0,multi,skillshot,base,0,"%slow depuis leveling « Slow », moyenne retenue",Zone de slow
Udyr,E,stun,0.75,,mono,point_click,base,0,,
Udyr,R,slow,,22.5,multi,point_click,ultimate,0,"%slow depuis leveling « Slow », moyenne retenue",Zone de slow
Urgot,E,airborne,1.0,,mono,skillshot,base,1,,
Urgot,E,stun,1.0,,mono,skillshot,base,0,,
Urgot,Q,slow,1.25,55.0,multi,skillshot,base,0,"%slow depuis leveling « Slow », moyenne retenue",
Urgot,R,fear,1.5,,multi,skillshot,ultimate,0,,
Urgot,R,slow,,75.0,multi,skillshot,ultimate,0,,Slow de 4s quand l'ennemi est touché le % va de 0 à 75% selon les PV manquants de la cible
Urgot,R,slow,,75.0,multi,skillshot,ultimate,0,,"Si la cible est exécuté Urgot slow autour de lui à 75% pendant 1,5s"
Urgot,R,suppression,1.25,,multi,skillshot,ultimate,0,défaut appliqué : suppression liée à un déplacement 1.25 s — à vérifier,
Urgot,W,slow,,125.0,mono,point_click,base,0,,Se slow lui même
Varus,E,slow,,40.0,multi,skillshot,base,0,"%slow depuis leveling « Slow », moyenne retenue",Zone de slow
Varus,Q,slow,,,mono,skillshot,base,0,"slow appliqué au lanceur (self), pas un CC ennemi — à exclure ?",Se slow lui même
Varus,R,root,2.0,,mono,skillshot,ultimate,0,,
Vayne,E,airborne,0.5,,mono,point_click,base,1,défaut appliqué : knockback/pull 0.5 s — à vérifier,
Vayne,E,stun,1.5,,mono,point_click,base,0,,
Veigar,E,stun,2.0,,mono,skillshot,base,0,"durée depuis leveling « Stun Duration », moyenne retenue",
Vel'Koz,E,airborne,0.75,,multi,skillshot,base,1,,
Vel'Koz,E,stun,0.75,,multi,skillshot,base,0,,
Vel'Koz,Q,slow,1.8,70.0,multi,skillshot,base,0,"durée depuis leveling « Slow Duration », moyenne retenue",
Vel'Koz,R,slow,1.0,20.0,multi,skillshot,ultimate,0,,
Vex,E,slow,2.0,40.0,multi,skillshot,base,0,"%slow depuis leveling « Slow », moyenne retenue",
Vex,P,fear,1.125,,multi,skillshot,base,0,"durée variable ({{pp|0.75 to 1.5 for 4|1;6;9;13}}), moyenne retenue",
Vex,P,slow,,79.5,multi,skillshot,base,0,"%slow variable ({{pp|type=distance from '''Vex'''|60 to 99 for 11|250 to 800|key=%|formula=60% + 3.9% for every 55 units away from Vex}}), moyenne retenue","Slow de 1,125"
Vi,Q,airborne,0.75,,multi,skillshot,base,1,,
Vi,Q,slow,,,mono,skillshot,base,0,"slow appliqué au lanceur (self), pas un CC ennemi — à exclure ?",Se slow elle même
Vi,R,airborne,1.3,,mono,point_click,ultimate,1,,
Vi,R,stun,0.75,,mono,point_click,ultimate,0,,
Viego,R,airborne,0.5,,multi,skillshot,ultimate,1,défaut appliqué : knockback/pull 0.5 s — à vérifier,
Viego,R,slow,0.25,99.0,multi,skillshot,ultimate,0,,
Viego,W,slow,,,mono,skillshot,base,0,"slow appliqué au lanceur (self), pas un CC ennemi — à exclure ?",Se slow lui même
Viego,W,stun,0.75,,mono,skillshot,base,0,"durée variable ({{pp|type=channel time|0.25 to 1.25 for 5|0 to 1|formula=0.25 + (0.25 per 0.25 seconds channeled).|changedisplay = true}}), moyenne retenue",
Viktor,W,slow,1.0,20.0,multi,skillshot,base,0,,
Viktor,W,stun,1.5,,multi,skillshot,base,0,,
Vladimir,E,slow,0.5,20.0,multi,point_click,base,0,,
Vladimir,W,slow,,40.0,multi,point_click,base,0,,Zone de slow autour de lui
Volibear,E,slow,2.0,40.0,multi,skillshot,base,0,,
Volibear,Q,stun,1.0,,mono,point_click,base,0,,
Volibear,R,slow,1.0,50.0,multi,skillshot,ultimate,0,,
Warwick,E,fear,1.0,,multi,point_click,base,0,,
Warwick,E,slow,,90.0,multi,point_click,base,0,,Slow de 1s
Warwick,R,suppression,1.25,,mono,skillshot,ultimate,0,défaut appliqué : suppression liée à un déplacement 1.25 s — à vérifier,
Wukong,R,airborne,0.6,,multi,point_click,ultimate,0,,
Xayah,E,root,1.25,,multi,point_click,base,0,,
Xerath,E,stun,,,mono,skillshot,base,0,durée introuvable,"0,75s à 2,25s en fonction de la distance parcourue"
Xerath,Q,slow,,,mono,skillshot,base,0,"slow appliqué au lanceur (self), pas un CC ennemi — à exclure ?",Se slow lui même
Xerath,W,slow,2.5,25.0,multi,skillshot,base,0,,
Xin Zhao,E,slow,0.5,30.0,multi,point_click,base,0,,
Xin Zhao,Q,airborne,0.75,,mono,point_click,base,0,,
Xin Zhao,R,airborne,0.75,,multi,point_click,ultimate,1,,
Xin Zhao,R,stun,,,multi,point_click,ultimate,0,durée introuvable,"0,75s"
Xin Zhao,W,slow,1.5,50.0,multi,skillshot,base,0,complété via wiki Fandom (contenu possiblement daté),
Yasuo,Q,airborne,0.9,,multi,skillshot,base,0,,
Yasuo,R,airborne,1.0,,mono,point_click,ultimate,0,,
Yone,Q,airborne,0.75,,multi,skillshot,base,0,,
Yone,R,airborne,1.0,,multi,skillshot,ultimate,1,,
Yone,R,stun,1.0,,multi,skillshot,ultimate,0,,
Yorick,E,slow,1.5,30.0,multi,skillshot,base,0,,
Yorick,W,airborne,0.25,,multi,skillshot,base,1,,
Yunara,W,slow,1.5,99.0,multi,skillshot,base,0,,
Yunara,W,slow,1.0,99.0,multi,skillshot,base,0,,
Yuumi,Q,slow,1.0,20.0,mono,skillshot,base,0,,
Yuumi,R,slow,1.25,10.0,multi,skillshot,ultimate,0,,J'ai pas d'infos sur le fandom
Zaahen,Q,airborne,0.75,,mono,point_click,base,0,,
Zaahen,W,airborne,0.5,,multi,skillshot,base,1,défaut appliqué : knockback/pull 0.5 s — à vérifier,
Zaahen,W,stun,0.25,,multi,skillshot,base,0,,
Zac,E,airborne,0.5,,multi,skillshot,base,0,,
Zac,E,stun,0.5,,multi,skillshot,base,0,,
Zac,Q,airborne,0.25,,multi,skillshot,base,1,,
Zac,Q,root,,,multi,skillshot,base,0,durée introuvable,"Root de 0,5s juste avant le déplacement des deux cibles"
Zac,Q,slow,0.5,40.0,multi,skillshot,base,0,,
Zac,Q,stun,0.25,,multi,skillshot,base,0,,
Zac,R,airborne,1.0,,multi,point_click,ultimate,1,,
Zac,R,slow,,20.0,multi,point_click,ultimate,0,,Slow de 1s
Zed,E,slow,1.5,50.0,multi,point_click,base,0,,
Zeri,W,slow,2.0,40.0,multi,skillshot,base,0,"%slow depuis leveling « Slow », moyenne retenue",
Ziggs,E,slow,1.5,30.0,mono,skillshot,base,0,"%slow depuis leveling « Slow », moyenne retenue",
Ziggs,W,airborne,0.5,,multi,skillshot,base,1,,
Zilean,E,slow,,74.667,mono,point_click,base,0,"%slow depuis leveling « Movement Speed Modifier », moyenne retenue","Slow pendant 2,5s"
Zilean,Q,stun,1.3,,multi,skillshot,base,0,"durée depuis leveling « Stun Duration », moyenne retenue",
Zoe,E,sleep,1.4,,mono,skillshot,base,0,,
Zoe,E,slow,2.25,20.0,mono,skillshot,base,0,"%slow depuis leveling « Maximum Slow », moyenne retenue",
Zyra,E,root,,,multi,skillshot,base,0,"durée extraite 8.0 s invraisemblable (> 4.0 s), écartée — à vérifier ; durée introuvable",Root de 1s à 2s selon le niveau du sort
Zyra,R,airborne,1.0,,multi,skillshot,ultimate,0,,